Motorola ,motorola edge (2020),128,120000,D,8,2021
Motorola ,motorola edge (2022),256,140000,C,12,2021
Motorola ,motorola edge (2022),128,100000,C,8,2021
Motorola ,motorola edge 20,256,120000,C,12,2021
Motorola ,motorola edge 20,128,90000,C,8,2021
Motorola ,motorola edge 20 fusion,128,80000,D,8,2021
Motorola ,motorola edge 20 lite,128,130000,D,8,2022
Motorola ,motorola edge 20 pro,256,150000,C,12,2022
Motorola ,motorola edge 20 pro,128,140000,C,8,2022
Motorola ,motorola edge 30,256,160000,B,12,2022
Motorola ,motorola edge 30,128,120000,B,8,2022
Motorola ,motorola edge 30 fusion,256,140000,B,12,2022
Motorola ,motorola edge 30 fusion,64,110000,B,8,2022
Motorola ,motorola edge 30 neo,128,130000,B,8,2022
Motorola ,motorola edge 30 neo,128,170000,B,8,2022
Motorola ,motorola edge 30 pro,256,190000,B,12,2022
Motorola ,motorola edge 30 pro,128,200000,B,8,2022
Motorola ,motorola edge 30 ultra,256,220000,B,12,2023
Motorola ,motorola edge 30 ultra,512,240000,B,12,2023
Motorola ,motorola edge 30 ultra,128,160000,B,8,2023
Motorola ,motorola edge 40,256,180000,B,12,2023
Motorola ,motorola edge 40,128,140000,B,8,2023
Motorola ,motorola edge 40 fusion,256,160000,B,12,2023
Motorola ,motorola edge 40 fusion,128,130000,B,8,2023
Motorola ,motorola edge 40 neo,256,150000,B,12,2023
Motorola ,motorola edge 40 neo,128,190000,B,8,2023
Motorola ,motorola edge 40 pro,256,210000,B,12,2020
Motorola ,motorola edge 40 pro,512,230000,B,12,2020
Motorola ,motorola edge 40 pro,256,180000,B,12,2020
Motorola ,motorola edge 50,128,135000,A,8,2020
Motorola ,motorola edge 50 fusion,256,155000,A,12,2020
Motorola ,motorola edge 50 fusion,512,175000,A,12,2020
Motorola ,motorola edge 50 fusion,128,140000,A,8,2020
Motorola ,motorola edge 50 neo,256,160000,A,12,2020
Motorola ,motorola edge 50 neo,128,200000,A,8,2020
Motorola ,motorola edge 50 pro,256,220000,A,12,2020
Motorola ,motorola edge 50 pro,512,240000,A,12,2020
Motorola ,motorola edge 50 pro,512,250000,A,12,2020
Motorola ,motorola edge 50 ultra,1024,270000,A,12,2020
Motorola ,motorola edge 50 ultra,128,195000,A,8,2020
Motorola ,motorola edge 60 fusion,256,215000,A,12,2020
Motorola ,motorola edge 60 fusion,256,230000,A,12,2020
Motorola ,motorola edge 60 pro,512,250000,A,12,2020
Motorola ,motorola edge 60 pro,512,260000,A,12,2020
Motorola ,motorola edge 60 ultra,1024,280000,A,12,2020
Motorola ,motorola edge 60 ultra,256,90000,A,12,2020
Motorola ,motorola edge+ (2020),128,150000,D,8,2020
Motorola ,motorola edge+ (2022),256,170000,B,12,2022
Motorola ,motorola edge+ (2022),512,190000,B,12,2022
Motorola ,motorola edge+ (2022),32,30000,B,2,2022
Motorola ,motorola moto e13,64,35000,E,4,2023
Motorola ,motorola moto e13,32,35000,E,2,2023
Motorola ,motorola moto e20,64,40000,F,4,2021
Motorola ,motorola moto e20,32,40000,F,2,2021
Motorola ,motorola moto e22,64,45000,E,4,2022
Motorola ,motorola moto e22,64,45000,E,4,2022
Motorola ,motorola moto e22s,128,50000,E,6,2022
Motorola ,motorola moto e22s,64,50000,E,4,2022
Motorola ,motorola moto e40,128,55000,E,6,2021
Motorola ,motorola moto e40,64,65000,E,4,2021
Motorola ,motorola moto g13,128,75000,D,6,2023
Motorola ,motorola moto g13,64,70000,D,4,2023
Motorola ,motorola moto g14,128,80000,D,6,2023
Motorola ,motorola moto g14,64,75000,D,4,2023
Motorola ,motorola moto g23,128,85000,D,6,2023
Motorola ,motorola moto g23,64,80000,D,4,2023
Motorola ,motorola moto g32,128,90000,D,6,2022
Motorola ,motorola moto g32,64,85000,D,4,2022
Motorola ,motorola moto g34 5g,128,95000,C,6,2023
Motorola ,motorola moto g34 5g,64,90000,C,4,2023
Motorola ,motorola moto g53 5g,128,105000,C,6,2022
Motorola ,motorola moto g53 5g,128,95000,C,6,2022
Motorola ,motorola moto g54 5g,256,110000,C,8,2023
Motorola ,motorola moto g54 5g,128,110000,C,6,2023
Motorola ,motorola moto g73 5g,256,130000,C,8,2023
Motorola ,motorola moto g73 5g,128,120000,C,6,2023
Motorola ,motorola moto g84 5g,256,140000,B,8,2023
Motorola ,motorola moto g84 5g,128,145000,B,8,2023
Motorola ,motorola razr 40,256,165000,A,8,2023
Motorola ,motorola razr 40,256,200000,A,8,2023
Motorola ,motorola razr 40 ultra,512,230000,A,8,2023
Motorola ,motorola razr 40 ultra,128,350000,A,8,2023
Motorola ,motorola one 5g,128,45000,D,4,2020
d5cf5527-304d-466e-a064-89bca2c089cb,Motorola,"Edge 50 Pro",256GB,2025,167269,1
c43547c7-48e6-45f6-9cca-14357d6f6f4b,Motorola,"Edge 50 Pro",512GB,2025,252293,1.15
676feeeb-f111-4ad3-9078-ea1b4f0fa129,Motorola,"Edge 50 Ultra",256GB,2025,231405,1.15
00127af0-7f77-4041-afdc-af14b934dd2e,Motorola,"Edge 50 Ultra",512GB,2025,154642,1.15
3bdc3ca0-7889-4ea5-bf91-2d40efa2faef,Motorola,"G84",256GB,2025,113809,1
aaab7fde-6ed0-4b16-8bdd-c744ff6a2920,Motorola,"Moto G54",128GB,2025,133520,1.15
5cc736d7-8ca6-4849-a0c9-6d3ab8439782,Motorola,"Moto G54",256GB,2025,83718,1.15
ef5a1653-acb2-429b-a1f0-5098e22ae2d4,Motorola,"Moto G85",128GB,2025,58843,1.15
3cbf7fa7-9077-4ef7-90c2-c81de318b422,Motorola,"Moto G85",256GB,2025,125332,1.15
bb8a314f-1a65-4822-8955-e71aeeaadbc6,Motorola,"Motorola Edge (2020)",128GB,2021,48000,0.4
c0cb328d-9311-4015-96fb-1b7a98736120,Motorola,"Motorola Edge (2022)",128GB,2021,40000,0.4
d9e4abb2-8b50-4322-93b6-5756b82d2fea,Motorola,"Motorola Edge (2022)",256GB,2021,56000,0.4
31a0ab29-cc5b-4dc6-9a10-41329b9b34d6,Motorola,"Motorola Edge 20",128GB,2021,36000,0.4
0fb6dcf5-06fa-49fb-b4e2-f393234e5c9b,Motorola,"Motorola Edge 20",256GB,2021,48000,0.4
808cce2c-3f31-475e-a89a-9b783d24bd10,Motorola,"Motorola Edge 20 Fusion",128GB,2021,32000,0.4
c043f76e-4969-47ee-9acc-db4d059424fc,Motorola,"Motorola Edge 20 Lite",128GB,2022,52000,0.4
5f3b4e22-26ef-4a0c-86d6-83e8c1a40a35,Motorola,"Motorola Edge 20 Pro",128GB,2022,56000,0.4
7692623b-4d63-4ef4-9e91-24838ef4de08,Motorola,"Motorola Edge 20 Pro",256GB,2022,60000,0.4
b378691d-5984-4119-800a-5a9a4b4986b4,Motorola,"Motorola Edge 30",128GB,2022,48000,0.4
a5669a67-11bb-47e7-9968-1f8b01900077,Motorola,"Motorola Edge 30",256GB,2022,64000,0.4
acf5933d-5689-441a-8b88-0d8a5779c01c,Motorola,"Motorola Edge 30 Fusion",256GB,2022,56000,0.4
c8cd5693-f6b1-4225-bbdc-0821b7521a4d,Motorola,"Motorola Edge 30 Fusion",64GB,2022,44000,0.4
c9af9ffd-05fd-4299-91ae-7a73dbf39cc2,Motorola,"Motorola Edge 30 Neo",128GB,2022,52000,0.4
b7adf5e5-dc28-434a-819e-f5614a2645a7,Motorola,"Motorola Edge 30 Pro",128GB,2022,80000,0.4
67c2cf41-98ee-432a-af96-8b0542160506,Motorola,"Motorola Edge 30 Pro",256GB,2022,76000,0.4
cdf28f35-0dd7-4dd0-9cc2-67b3cb562f7f,Motorola,"Motorola Edge 30 Ultra",128GB,2023,64000,0.4
3b934339-692a-4ccb-afc5-bd23d645caf0,Motorola,"Motorola Edge 30 Ultra",256GB,2023,88000,0.4
94a9d908-71b5-4dec-b81d-0b547c40b027,Motorola,"Motorola Edge 30 Ultra",512GB,2023,96000,0.4
b8756d3b-f5e7-46b3-abd3-390097e0b925,Motorola,"Motorola Edge 40",128GB,2023,56000,0.4
2e2871fd-cbdf-4761-ba02-1e1fd1e1ba4a,Motorola,"Motorola Edge 40",256GB,2023,72000,0.4
bd906e38-06a1-4d5a-9240-0b53f0622c97,Motorola,"Motorola Edge 40 Fusion",128GB,2023,52000,0.4
127129c3-1dd9-4b71-b75d-b1def537a29e,Motorola,"Motorola Edge 40 Fusion",256GB,2023,64000,0.4
3e106db6-a711-4e7a-a2d6-d2cbf6a9b33b,Motorola,"Motorola Edge 40 Neo",128GB,2023,76000,0.4
e13c5dce-ba81-442a-8d4a-43dd037382a4,Motorola,"Motorola Edge 40 Neo",256GB,2023,60000,0.4
6e9ad736-f1f8-4b08-a928-791c7daa1c7d,Motorola,"Motorola Edge 40 Pro",256GB,2020,84000,0.4
c4a2159d-e6c0-4cc3-bfb2-9fa091bed362,Motorola,"Motorola Edge 40 Pro",512GB,2020,92000,0.4
495a04f2-6566-4363-bd89-3d8bb5663aa7,Motorola,"Motorola Edge 50",128GB,2020,54000,0.4
3135a320-488f-4cbf-bda2-529081bbcf57,Motorola,"Motorola Edge 50 Fusion",128GB,2020,56000,0.4
ce83e69b-f44d-4db2-b582-0f498dbd02c2,Motorola,"Motorola Edge 50 Fusion",256GB,2020,62000,0.4
231c8f97-c442-4d4d-a528-38cea741e9b3,Motorola,"Motorola Edge 50 Fusion",512GB,2020,70000,0.4
6423afd4-61f6-4f15-a4da-970f82cd69e7,Motorola,"Motorola Edge 50 Neo",128GB,2020,80000,0.4
1146a7f8-808b-4e34-8b03-db67a51d832f,Motorola,"Motorola Edge 50 Neo",256GB,2020,64000,0.4
d2078c4f-10e0-43a7-b387-031113991f73,Motorola,"Motorola Edge 50 Ultra",1024GB,2020,108000,0.4
5e5c91c5-0af1-4590-bfee-985be13bee37,Motorola,"Motorola Edge 50 Ultra",128GB,2020,78000,0.4
dce05038-8373-4615-9c8a-1cc49d57316a,Motorola,"Motorola Edge 60 Fusion",256GB,2020,86000,0.4
d8bb4244-069c-401e-ad0e-af8a36f9623d,Motorola,"Motorola Edge 60 Pro",512GB,2020,100000,0.4
1d793a36-1f39-4292-884e-5c2607e41af1,Motorola,"Motorola Edge 60 Ultra",1024GB,2020,112000,0.4
2e524dda-47f5-4784-96e9-6c5f3e7fe6f2,Motorola,"Motorola Edge 60 Ultra",256GB,2020,36000,0.4
5ab19fc2-7eea-42af-8b86-123caa6535ed,Motorola,"Motorola Edge+ (2020)",128GB,2020,60000,0.4
da729923-f4a5-4a4e-b356-c76fb1f1b6e3,Motorola,"Motorola Edge+ (2022)",256GB,2022,68000,0.4
b1ad6f64-2f24-40e1-be24-50b7b56ab756,Motorola,"Motorola Edge+ (2022)",32GB,2022,12000,0.4
65cf29ce-239c-40b8-8d83-c71a0bba5fd4,Motorola,"Motorola Edge+ (2022)",512GB,2022,76000,0.4
5db0b346-b63b-4090-bb38-7f88e82dd16a,Motorola,"Motorola Moto E13",32GB,2023,14000,0.4
ffa45a41-5eaf-40ff-8345-81936aa15613,Motorola,"Motorola Moto E13",64GB,2023,14000,0.4
141a5d0f-78b5-4dd7-90e1-1aba2c27c101,Motorola,"Motorola Moto E20",32GB,2021,16000,0.4
f5449cb3-1639-49d5-aa07-83bdac606b40,Motorola,"Motorola Moto E20",64GB,2021,16000,0.4
03c858ef-0359-4c9b-85af-b3c90257dfcc,Motorola,"Motorola Moto E22",64GB,2022,18000,0.4
d3c85b8a-f4dc-4c14-9c9d-6b4ae0eff5ac,Motorola,"Motorola Moto E22s",128GB,2022,20000,0.4
a7d8f29e-8333-4ce3-ab45-11c1460e816b,Motorola,"Motorola Moto E22s",64GB,2022,20000,0.4
fd93150c-d6cd-476f-b71e-abc8ed92361a,Motorola,"Motorola Moto E40",128GB,2021,22000,0.4
9df4cb90-1445-4826-862b-c99a0809a26b,Motorola,"Motorola Moto E40",64GB,2021,26000,0.4
1a77df97-dd28-4e8e-b2ec-2968d1108830,Motorola,"Motorola Moto G13",128GB,2023,30000,0.4
61d0204c-3ec8-4718-af26-c14129a00ef9,Motorola,"Motorola Moto G13",64GB,2023,28000,0.4
535e5024-e769-47ff-8986-ff85262ed30e,Motorola,"Motorola Moto G14",128GB,2023,32000,0.4
12536f8c-3fd3-4d08-a531-0f3acfe74fad,Motorola,"Motorola Moto G14",64GB,2023,30000,0.4
e5b9c541-9985-4cad-b4ea-62627e590a8f,Motorola,"Motorola Moto G23",128GB,2023,34000,0.4
d3790742-f737-48fd-9845-73b94c57777f,Motorola,"Motorola Moto G23",64GB,2023,32000,0.4
b8a88199-9f7c-4b56-ab1e-52e86a46f748,Motorola,"Motorola Moto G32",128GB,2022,36000,0.4
6bf7eb1a-0cc5-4b20-9330-3d4afa84859b,Motorola,"Motorola Moto G32",64GB,2022,34000,0.4
be9007d0-bd38-47c4-8ca9-1b52792419a5,Motorola,"Motorola Moto G34 5g",128GB,2023,38000,0.4
49b712e5-e6cc-4b0f-9af9-e5b06726f0d2,Motorola,"Motorola Moto G34 5g",64GB,2023,36000,0.4
14722159-7aac-4773-a33b-625a64cad469,Motorola,"Motorola Moto G53 5g",128GB,2022,42000,0.4
dfa03798-2439-446e-8b22-4059563ce66e,Motorola,"Motorola Moto G54 5g",128GB,2023,44000,0.4
6ba75d36-ddda-4613-8424-fd5aa67c111a,Motorola,"Motorola Moto G54 5g",256GB,2023,44000,0.4
3c02b983-accf-482d-9ab3-b67b162d6ec9,Motorola,"Motorola Moto G73 5g",128GB,2023,48000,0.4
49e40f80-4584-42db-b7aa-5eb6e730859b,Motorola,"Motorola Moto G73 5g",256GB,2023,52000,0.4
91ec23ab-f1e5-4a06-8a6d-a22f1645cb7c,Motorola,"Motorola Moto G84 5g",128GB,2023,58000,0.4
c9206afa-f243-459e-a1f5-053000fd59f8,Motorola,"Motorola Moto G84 5g",256GB,2023,56000,0.4
61beceae-244c-4f95-a942-4008b3074554,Motorola,"Motorola Razr 40",256GB,2023,66000,0.4
1d97e791-27f1-441a-8d8e-0feccbc736a5,Motorola,"Motorola Razr 40 Ultra",128GB,2023,140000,0.4
07eb58b6-f9b4-449f-b8fc-df7ca51ed4d9,Motorola,"Motorola Razr 40 Ultra",512GB,2023,92000,0.4
5991243c-4833-461f-aadc-b80fa928ee66,Motorola,"Razr 50",256GB,2025,217879,1.15
95847361-fd6f-4587-a31e-07a036bf914d,Motorola,"Razr 50 Ultra",256GB,2025,226305,1.15
fb0d15bf-c8fd-4126-abee-06cfc9f8e1fa,Motorola,"Razr 50 Ultra",512GB,2025,316827,1.15
7bacd994-0ede-4333-a772-c97ae04aa730,Motorola,"ThinkPhone",256GB,2025,220983,1.15
